{"cameraMode":{"drawMode":0,"name":"Shaded","section":"Shading Mode"},"sceneLighting":true,"audioPlay":false,"sceneViewState":{"showFog":true,"showMaterialUpdate":false,"showSkybox":true,"showFlares":true,"showImageEffects":true,"showParticleSystems":true},"in2DMode":false,"pivot":{"x":-0.4781360626220703,"y":-0.9149584770202637,"z":-2.0361104011535646},"rotation":{"x":-0.08277225494384766,"y":0.9106351137161255,"z":-0.22314666211605073,"w":-0.3377841114997864},"size":9.426212310791016,"orthographic":false}